parameter	estimate	std_error	t_value	pr_t
(Intercept)	2.4806215154882003	0.17693657652588565	14.019834475124977	5.633008002267517e-26
drugclindamycin	0.09504460875017319	0.13327173684062615	0.7131640286479712	0.47729677275483784
drugisotretinoin	0.026294346765860673	0.2463515726287468	0.10673504733613534	0.915199040342739
drugdoxycycline	0.043678558498001195	0.14904001947556056	0.2930659741705386	0.7700393322640319
drugminocycline	0.2831373700807495	0.5473399608446112	0.5172970920008008	0.6060165257706267
age	0.017100213576394536	0.003195719507297886	5.350974494896605	5.019649630069846e-7
