x	drug	dose_mgkg	n	cv	median	q25	q75	mean	l95	u95	wilcoxon_p
1	saline	0	12	0.39019705416397416	221	164.5	264	220.84166666666667	172.08539921448482	269.5979341188485	1
2	minocycline	4	6	0.4400900884297823	248.5	204.25	292.75	285	184.63855773588477	385.3614422641152	0.43708252531781944
3	minocycline	9	6	0.41137903336425213	173	144	242.5	201.33333333333334	135.06008107841194	267.60658558825475	0.7502693385046326
4	minocycline	21	6	0.4980190095776579	321.5	302.5	369.75	378.1666666666667	227.46792987331756	528.8654034600158	0.03199741435035553
5	minocycline	50	6	0.3111966844357696	294.5	258.25	341.25	303.3333333333333	227.80054016080166	378.86612650586494	0.1246498599439776
6	isotretinoin	1	6	0.4719123777991828	157	101.32499999999999	233.75	164.4	102.32115501933582	226.47884498066418	0.22315166548585114
7	isotretinoin	3	6	0.22505337945238568	224	169.5	241	209	171.3632364126067	246.6367635873933	0.7502693385046326
8	isotretinoin	7	6	0.5238659709845215	118.5	115	131.75	150	87.12298819653296	212.87701180346704	0.1246498599439776
9	isotretinoin	20	6	0.31774645367882914	132.5	102.25	170.25	139.2	103.80838396832755	174.59161603167243	0.041478129713423836
