drug	day	cohort	n	median	q25	q75	mean	l95	u95	cv	wilcoxon_p
none	0	predose-0	8	115	92.975	146.25	143.6125	75.02169624140568	212.20330375859436	0.6892274593051779	1
mino	0	predose-0	8	109	91.45	274.5	251.4625	61.29894645135073	441.6260535486493	1.0912970408723748	0.7984459984459983
none	5	none-5	8	275.5	230.25	352.75	297.25	210.01053587968346	384.48946412031654	0.42352597220477745	1
mino	5	mino-5	8	357.5	295	437.5	371.375	249.50610066551025	493.24389933448975	0.47355360394099943	0.40046754957198166
